Workbook

Sheet Set up Branco
A1: Produto | B1: KKC205 | C1: KKS205 | D1: KKS250 | E1: KKC227 | F1: KKC233 | G1: KKC273 | H1: KKC290 | I1: KKL205 | J1: KKL276 | K1: CKQ276 | L1: CHD318 | M1: CKQ300 | N1: CNT210 | O1: CNT276 | P1: CKF205 | Q1: CKF227 | R1: CKF233 | S1: CKF250 | T1: CKF276 | U1: CKF285 | V1: CKF312 | W1: CKF332 | X1: CKF360 | Y1: CHD358 | Z1: EWP190 | AA1: EWP175
A2: KKC205 | B2: 0 | C2: 0 | D2: 30 | E2: 20 | F2: 25 | G2: 35 | H2: 40 | I2: 0 | J2: 35 | K2: 35 | L2: 70 | M2: 40 | N2: 0 | O2: 35 | P2: 20 | Q2: 20 | R2: 35 | S2: 40 | T2: 40 | U2: 40 | V2: 50 | W2: 55 | X2: 60 | Y2: 65 | Z2: 30 | AA2: 30
A3: KKS205 | B3: 0 | C3: 0 | D3: 30 | E3: 20 | F3: 25 | G3: 30 | H3: 40 | I3: 0 | J3: 30 | K3: 30 | L3: 60 | M3: 40 | N3: 0 | O3: 30 | P3: 20 | Q3: 35 | R3: 35 | S3: 40 | T3: 40 | U3: 40 | V3: 50 | W3: 55 | X3: 60 | Y3: 65 | Z3: 30 | AA3: 30
A4: KKS250 | B4: 30 | C4: 30 | D4: 0 | E4: 20 | F4: 20 | G4: 20 | H4: 30 | I4: 30 | J4: 30 | K4: 30 | L4: 60 | M4: 30 | N4: 20 | O4: 20 | P4: 30 | Q4: 30 | R4: 20 | S4: 20 | T4: 30 | U4: 40 | V4: 50 | W4: 55 | X4: 60 | Y4: 60 | Z4: 30 | AA4: 30
A5: KKC227 | B5: 20 | C5: 20 | D5: 20 | E5: 0 | F5: 20 | G5: 25 | H5: 30 | I5: 20 | J5: 30 | K5: 30 | L5: 50 | M5: 40 | N5: 20 | O5: 30 | P5: 20 | Q5: 0 | R5: 30 | S5: 20 | T5: 80 | U5: 80 | V5: 80 | W5: 80 | X5: 80 | Y5: 110 | Z5: 45 | AA5: 45
A6: KKC233 | B6: 25 | C6: 20 | D6: 20 | E6: 20 | F6: 0 | G6: 25 | H6: 30 | I6: 25 | J6: 30 | K6: 30 | L6: 40 | M6: 40 | N6: 20 | O6: 30 | P6: 30 | Q6: 0 | R6: 20 | S6: 50 | T6: 80 | U6: 80 | V6: 80 | W6: 80 | X6: 80 | Y6: 100 | Z6: 45 | AA6: 45
A7: KKC273 | B7: 30 | C7: 30 | D7: 20 | E7: 25 | F7: 25 | G7: 0 | H7: 25 | I7: 30 | J7: 0 | K7: 0 | L7: 40 | M7: 40 | N7: 35 | O7: 15 | P7: 30 | Q7: 30 | R7: 25 | S7: 30 | T7: 80 | U7: 80 | V7: 80 | W7: 80 | X7: 80 | Y7: 100 | Z7: 50 | AA7: 50
A8: KKC290 | B8: 30 | C8: 40 | D8: 30 | E8: 30 | F8: 30 | G8: 25 | H8: 0 | I8: 40 | J8: 30 | K8: 30 | L8: 40 | M8: 30 | N8: 40 | O8: 25 | P8: 40 | Q8: 30 | R8: 30 | S8: 40 | T8: 30 | U8: 80 | V8: 80 | W8: 80 | X8: 80 | Y8: 90 | Z8: 50 | AA8: 50
A9: KKL205 | B9: 0 | C9: 0 | D9: 30 | E9: 25 | F9: 25 | G9: 30 | H9: 40 | I9: 0 | J9: 35 | K9: 35 | L9: 70 | M9: 60 | N9: 0 | O9: 35 | P9: 20 | Q9: 35 | R9: 40 | S9: 60 | T9: 80 | U9: 80 | V9: 80 | W9: 80 | X9: 80 | Y9: 130 | Z9: 40 | AA9: 40
A10: KKL276 | B10: 30 | C10: 30 | D10: 30 | E10: 30 | F10: 25 | G10: 0 | H10: 25 | I10: 30 | J10: 0 | K10: 15 | L10: 40 | M10: 40 | N10: 35 | O10: 10 | P10: 30 | Q10: 30 | R10: 25 | S10: 30 | T10: 80 | U10: 80 | V10: 80 | W10: 80 | X10: 80 | Y10: 100 | Z10: 45 | AA10: 45
A11: CKQ276 | B11: 30 | C11: 30 | D11: 30 | E11: 30 | F11: 25 | G11: 0 | H11: 25 | I11: 30 | J11: 0 | K11: 0 | L11: 20 | M11: 15 | N11: 40 | O11: 0 | P11: 30 | Q11: 30 | R11: 25 | S11: 20 | T11: 0 | U11: 40 | V11: 40 | W11: 40 | X11: 40 | Y11: 100 | Z11: 45 | AA11: 45
A12: CKQ300 | B12: 40 | C12: 40 | D12: 30 | E12: 40 | F12: 50 | G12: 40 | H12: 30 | I12: 60 | J12: 40 | K12: 15 | L12: 15 | M12: 0 | N12: 40 | O12: 35 | P12: 60 | Q12: 40 | R12: 35 | S12: 35 | T12: 20 | U12: 20 | V12: 15 | W12: 15 | X12: 40 | Y12: 70 | Z12: 50 | AA12: 50
A13: CNT210 | B13: 0 | C13: 0 | D13: 30 | E13: 20 | F13: 35 | G13: 35 | H13: 40 | I13: 0 | J13: 35 | K13: 40 | L13: 40 | M13: 40 | N13: 0 | O13: 20 | P13: 20 | Q13: 30 | R13: 35 | S13: 40 | T13: 40 | U13: 50 | V13: 50 | W13: 60 | X13: 60 | Y13: 120 | Z13: 40 | AA13: 40
... A35: EKW175 | B35: 80 | C35: 80 | D35: 80 | E35: 80 | F35: 80 | G35: 80 | H35: 90 | I35: 80 | J35: 80 | K35: 80 | L35: 90 | M35: 80 | N35: 80 | O35: 80 | P35: 80 | Q35: 80 | R35: 80 | S35: 80 | T35: 80 | U35: 90 | V35: 90 | W35: 90 | X35: 90 | Y35: 90 | Z35: 50 | AA35: 50

Sheet Set up Kraft
A1: Produto | B1: K28135 | C1: K28150 | D1: K28170 | E1: K28200 | F1: LWE175 | G1: EWC175 | H1: EWC190
A2: K28135 | B2: 0 | C2: 15 | D2: 30 | E2: 40 | F2: 60 | G2: 70 | H2: 80
A3: K28150 | B3: 15 | C3: 0 | D3: 20 | E3: 30 | F3: 50 | G3: 40 | H3: 60
A4: K28170 | B4: 30 | C4: 20 | D4: 0 | E4: 15 | F4: 40 | G4: 40 | H4: 60
A5: K28200 | B5: 40 | C5: 30 | D5: 15 | E5: 0 | F5: 40 | G5: 40 | H5: 60
A6: LWE175 | B6: 70 | C6: 40 | D6: 40 | E6: 40 | F6: 0 | G6: 20 | H6: 30
A7: EWC175 | B7: 70 | C7: 40 | D7: 40 | E7: 60 | F7: 20 | G7: 0 | H7: 20
A8: EWC190 | B8: 80 | C8: 50 | D8: 50 | E8: 60 | F8: 30 | G8: 20 | H8: 0

Sheet De_Para
B1: De>Para | C1: (t)
B2: CHD318>CHD318 | C2: 0
B3: CHD318>CHD358 | C3: 30
B4: CHD318>CKF205 | C4: 70
B5: CHD318>CKF227 | C5: 70
B6: CHD318>CKF233 | C6: 70
B7: CHD318>CKF250 | C7: 60
B8: CHD318>CKF276 | C8: 60
B9: CHD318>CKF285 | C9: 60
B10: CHD318>CKF312 | C10: 60
B11: CHD318>CKF332 | C11: 40
B12: CHD318>CKF360 | C12: 40
B13: CHD318>CKQ276 | C13: 80
... B27: CHD318>KKL205 | C27: 120
B28: CHD318>KKL276 | C28: 80 | AB28: 60 | AD28: 30
B29: CHD318>KKS205 | C29: 120 | AB29: 30 | AD29: 0
B30: CHD318>KKS250 | C30: 60 | AB30: 0 | AD30: 120
B31: CHD318>WTP300 | C31: 240 | AB31: 120 | AD31: 100
B32: CHD358>CHD318 | C32: 30 | AB32: 100 | AD32: 80
B33: CHD358>CHD358 | C33: 0 | AB33: 80 | AD33: 80
B34: CHD358>CKF205 | C34: 120 | AB34: 80 | AD34: 70
B35: CHD358>CKF227 | C35: 100 | AB35: 70 | AD35: 70
B36: CHD358>CKF233 | C36: 80 | AB36: 70 | AD36: 60
B37: CHD358>CKF250 | C37: 80 | AB37: 60 | AD37: 50
B38: CHD358>CKF276 | C38: 70 | AB38: 50 | AD38: 50
B39: CHD358>CKF285 | C39: 70 | AB39: 50 | AD39: 100
... B124: CKF233>CNT210 | C124: 35 | AB124: 65 | AD124: 65
B125: CKF233>CNT276 | C125: 35 | AB125: 65
B126: CKF233>EKW200 | C126: 80 | AB126: 70 | AD126: 40
B127: CKF233>EWC190 | C127: 65 | AB127: 40 | AD127: 30
B128: CKF233>EWP175 | C128: 65 | AB128: 30 | AD128: 0
B129: CKF233>EWP190 | C129: 65 | AB129: 0 | AD129: 25
B130: CKF233>K28150 | C130: 70 | AB130: 25 | AD130: 30
B131: CKF233>KKC205 | C131: 40 | AB131: 30 | AD131: 40
B132: CKF233>KKC227 | C132: 30 | AB132: 40 | AD132: 25
B133: CKF233>KKC233 | C133: 0 | AB133: 25 | AD133: 40
B134: CKF233>KKC273 | C134: 25 | AB134: 40 | AD134: 20
B135: CKF233>KKC290 | C135: 30 | AB135: 20
B136: CKF233>KKL200 | C136: 60 | AB136: 180 | AD136: 40
B137: CKF233>KKL205 | C137: 40 | AB137: 40 | AD137: 80
B138: CKF233>KKL276 | C138: 25 | AB138: 80 | AD138: 30
B139: CKF233>KKS205 | C139: 40 | AB139: 30 | AD139: 30
B140: CKF233>KKS250 | C140: 20 | AB140: 30 | AD140: 15
B141: CKF233>WTP265 | C141: 180 | AB141: 15 | AD141: 0
B142: CKF250>CHD318 | C142: 40 | AB142: 0 | AD142: 15
B143: CKF250>CHD358 | C143: 80 | AB143: 15 | AD143: 15
B144: CKF250>CKF205 | C144: 30 | AB144: 15 | AD144: 20
B145: CKF250>CKF227 | C145: 30 | AB145: 20 | AD145: 30
B146: CKF250>CKF233 | C146: 15 | AB146: 30 | AD146: 35
B147: CKF250>CKF250 | C147: 0 | AB147: 35 | AD147: 20
... B152: CKF250>CKF360 | C152: 35 | AB152: 70 | AD152: 70
B153: CKF250>CKQ276 | C153: 20 | AB153: 70
B154: CKF250>CKQ300 | C154: 35 | AB154: 70 | AD154: 40
B155: CKF250>CNT210 | C155: 40 | AB155: 40 | AD155: 40
B156: CKF250>CNT276 | C156: 40 | AB156: 40 | AD156: 50
B157: CKF250>EWP175 | C157: 70 | AB157: 50 | AD157: 30
B158: CKF250>EWP190 | C158: 70 | AB158: 30 | AD158: 40
B159: CKF250>K28200 | C159: 70 | AB159: 40 | AD159: 60
B160: CKF250>KKC205 | C160: 40 | AB160: 60 | AD160: 30
B161: CKF250>KKC227 | C161: 40 | AB161: 30 | AD161: 60
B162: CKF250>KKC233 | C162: 50 | AB162: 60 | AD162: 20
B163: CKF250>KKC273 | C163: 30 | AB163: 20 | AD163: 30
B164: CKF250>KKC290 | C164: 40 | AB164: 30 | AD164: 70
B165: CKF250>KKL205 | C165: 60 | AB165: 70 | AD165: 30
... B179: CKF276>CKF332 | C179: 20 | AB179: 80 | AD179: 80
B180: CKF276>CKF360 | C180: 30 | AB180: 80
B181: CKF276>CKQ276 | C181: 0 | AB181: 70 | AD181: 40
B182: CKF276>CKQ300 | C182: 20 | AB182: 40 | AD182: 50
B183: CKF276>CNT210 | C183: 40 | AB183: 50 | AD183: 80
B184: CKF276>CNT276 | C184: 15 | AB184: 80 | AD184: 80
B185: CKF276>EWP175 | C185: 80 | AB185: 80 | AD185: 50
B186: CKF276>EWP190 | C186: 80 | AB186: 50 | AD186: 80
B187: CKF276>K28170 | C187: 70 | AB187: 80 | AD187: 80
B188: CKF276>KKC205 | C188: 40 | AB188: 80 | AD188: 80
B189: CKF276>KKC227 | C189: 50 | AB189: 80 | AD189: 30
B190: CKF276>KKC233 | C190: 80 | AB190: 30 | AD190: 30
B191: CKF276>KKC273 | C191: 80 | AB191: 30 | AD191: 70
B192: CKF276>KKC290 | C192: 50 | AB192: 70 | AD192: 35
... B232: CKF312>CKF312 | C232: 0 | AB232: 80 | AD232: 80
B233: CKF312>CKF332 | C233: 20 | AB233: 80
B234: CKF312>CKF360 | C234: 20 | AB234: 80 | AD234: 50
B235: CKF312>CKQ276 | C235: 40 | AB235: 50 | AD235: 50
B236: CKF312>CKQ300 | C236: 15 | AB236: 50 | AD236: 80
B237: CKF312>CNT210 | C237: 50 | AB237: 80 | AD237: 80
B238: CKF312>CNT276 | C238: 30 | AB238: 80 | AD238: 80
B239: CKF312>EWP175 | C239: 80 | AB239: 80 | AD239: 80
B240: CKF312>EWP190 | C240: 80 | AB240: 80 | AD240: 80
B241: CKF312>K28150 | C241: 80 | AB241: 80 | AD241: 80
B242: CKF312>KKC205 | C242: 50 | AB242: 80 | AD242: 50
B243: CKF312>KKC227 | C243: 50 | AB243: 50 | AD243: 30
B244: CKF312>KKC233 | C244: 80 | AB244: 30 | AD244: 50
B245: CKF312>KKC273 | C245: 80 | AB245: 50 | AD245: 35
... B393: EKW175>CKF332 | C393: 90 | AB393: 50 | AD393: 50
B394: EKW175>CKF360 | C394: 90 | AB394: 50
B395: EKW175>CKQ276 | C395: 80 | AB395: 80
B396: EKW175>CKQ300 | C396: 80 | AB396: 80 | AD396: 80
B397: EKW175>CNT210 | C397: 80 | AB397: 80 | AD397: 80
B398: EKW175>CNT276 | C398: 80 | AB398: 80 | AD398: 80
B399: EKW175>EKW200 | C399: 50 | AB399: 80 | AD399: 80
B400: EKW175>EWP175 | C400: 50 | AB400: 80 | AD400: 90
...

Sheet Gráfico1

Sheet Gráfico2

Sheet Perda estimada
A1: Mês | B1: Data Setup | C1: De | D1: Para | E1: Tempo | F1: De>Para | G1: Perda estimada
A2: =MONTH(B2) -> 1 | B2: 45658.1 | C2: LLE150 | D2: LLE170 | E2: 0.046516204 | F2: =CONCATENATE(C2,">",D2) -> LLE150>LLE170 | G2: =VLOOKUP(F2,De_Para!$B$2:$C$1500,2,0) -> 60
A3: =MONTH(B3) -> 1 | B3: 45660.99 | C3: LLE170 | D3: K28200 | E3: 0.082465278 | F3: =CONCATENATE(C3,">",D3) -> LLE170>K28200 | G3: =VLOOKUP(F3,De_Para!$B$2:$C$1500,2,0) -> 60 | L3: Mês | M3: Contagem de De | N3: Soma de Perda estimada | O3: Custo
A4: =MONTH(B4) -> 1 | B4: 45662.067 | C4: K28200 | D4: LLE170 | E4: 0.71538194 | F4: =CONCATENATE(C4,">",D4) -> K28200>LLE170 | G4: =VLOOKUP(F4,De_Para!$B$2:$C$1500,2,0) -> 60 | L4: 1 | M4: 28 | N4: 1460 | O4: =GETPIVOTDATA("Soma de Perda estimada",$L$3,"Mês",1)*M28 -> 3160900
A5: =MONTH(B5) -> 1 | B5: 45662.975 | C5: LLE170 | D5: K28200 | E5: 0.040046296 | F5: =CONCATENATE(C5,">",D5) -> LLE170>K28200 | G5: =VLOOKUP(F5,De_Para!$B$2:$C$1500,2,0) -> 60 | L5: 2 | M5: 27 | N5: 1430 | O5: =$M$28*GETPIVOTDATA("Soma de Perda estimada",$L$3,"Mês",L5) -> 3095950
A6: =MONTH(B6) -> 1 | B6: 45664.78 | C6: LLE200 | D6: LLE170 | E6: 0.016956019 | F6: =CONCATENATE(C6,">",D6) -> LLE200>LLE170 | G6: =VLOOKUP(F6,De_Para!$B$2:$C$1500,2,0) -> 60 | L6: 3 | M6: 25 | N6: 1455 | O6: =$M$28*GETPIVOTDATA("Soma de Perda estimada",$L$3,"Mês",L6) -> 3150075
A7: =MONTH(B7) -> 1 | B7: 45665.417 | C7: LLE170 | D7: LWE175 | E7: 0.008912037 | F7: =CONCATENATE(C7,">",D7) -> LLE170>LWE175 | G7: =VLOOKUP(F7,De_Para!$B$2:$C$1500,2,0) -> 100 | L7: 4 | M7: 26 | N7: 1145 | O7: =$M$28*GETPIVOTDATA("Soma de Perda estimada",$L$3,"Mês",L7) -> 2478925
A8: =MONTH(B8) -> 1 | B8: 45665.886 | C8: EKW175 | D8: EKW200 | E8: 0.04224537 | F8: =CONCATENATE(C8,">",D8) -> EKW175>EKW200 | G8: =VLOOKUP(F8,De_Para!$B$2:$C$1500,2,0) -> 50 | L8: 5 | M8: 35 | N8: 2175 | O8: =$M$28*GETPIVOTDATA("Soma de Perda estimada",$L$3,"Mês",L8) -> 4708875
A9: =MONTH(B9) -> 1 | B9: 45666.083 | C9: EKW200 | D9: CKF205 | E9: 0.11260417 | F9: =CONCATENATE(C9,">",D9) -> EKW200>CKF205 | G9: =VLOOKUP(F9,De_Para!$B$2:$C$1500,2,0) -> 50 | L9: 6 | M9: 18 | N9: 795 | O9: =$M$28*GETPIVOTDATA("Soma de Perda estimada",$L$3,"Mês",L9) -> 1721175
A10: =MONTH(B10) -> 1 | B10: 45667.214 | C10: CKF205 | D10: KKL195 | E10: 0.008275463 | F10: =CONCATENATE(C10,">",D10) -> CKF205>KKL195 | G10: =VLOOKUP(F10,De_Para!$B$2:$C$1500,2,0) -> 0 | L10: 7 | M10: 25 | N10: 1370 | O10: =$M$28*GETPIVOTDATA("Soma de Perda estimada",$L$3,"Mês",L10) -> 2966050
A11: =MONTH(B11) -> 1 | B11: 45668.137 | C11: KKL195 | D11: K28170 | E11: 0.044618056 | F11: =CONCATENATE(C11,">",D11) -> KKL195>K28170 | G11: =VLOOKUP(F11,De_Para!$B$2:$C$1500,2,0) -> 30 | L11: 8 | M11: 21 | N11: 1255 | O11: =$M$28*GETPIVOTDATA("Soma de Perda estimada",$L$3,"Mês",L11) -> 2717075
A12: =MONTH(B12) -> 1 | B12: 45669.141 | C12: K28170 | D12: LLE150 | E12: 0.027488426 | F12: =CONCATENATE(C12,">",D12) -> K28170>LLE150 | G12: =VLOOKUP(F12,De_Para!$B$2:$C$1500,2,0) -> 60 | L12: 9 | M12: 30 | N12: 2175 | O12: =$M$28*GETPIVOTDATA("Soma de Perda estimada",$L$3,"Mês",L12) -> 4708875
A13: =MONTH(B13) -> 1 | B13: 45672.466 | C13: LLE150 | D13: LLE200 | E13: 2.3051273 | F13: =CONCATENATE(C13,">",D13) -> LLE150>LLE200 | G13: =VLOOKUP(F13,De_Para!$B$2:$C$1500,2,0) -> 60 | L13: 10 | M13: 27 | N13: 1875 | O13: =$M$28*GETPIVOTDATA("Soma de Perda estimada",$L$3,"Mês",L13) -> 4059375
A14: =MONTH(B14) -> 1 | B14: 45672.865 | C14: LLE200 | D14: LLE170 | E14: 0.047291667 | F14: =CONCATENATE(C14,">",D14) -> LLE200>LLE170 | G14: =VLOOKUP(F14,De_Para!$B$2:$C$1500,2,0) -> 60 | L14: 11 | M14: 11 | N14: 475 | O14: =$M$28*GETPIVOTDATA("Soma de Perda estimada",$L$3,"Mês",L14) -> 1028375
A15: =MONTH(B15) -> 1 | B15: 45673.384 | C15: LLE170 | D15: KKL195 | E15: 0.11956019 | F15: =CONCATENATE(C15,">",D15) -> LLE170>KKL195 | G15: =VLOOKUP(F15,De_Para!$B$2:$C$1500,2,0) -> 120 | L15: 12 | M15: 22 | N15: 1975 | O15: =$M$28*GETPIVOTDATA("Soma de Perda estimada",$L$3,"Mês",L15) -> 4275875
A16: =MONTH(B16) -> 1 | B16: 45674.219 | C16: KKL195 | D16: LLE150 | E16: 0.052361111 | F16: =CONCATENATE(C16,">",D16) -> KKL195>LLE150 | G16: =VLOOKUP(F16,De_Para!$B$2:$C$1500,2,0) -> 120 | L16: Total Resultado | M16: 295 | N16: 17585 | O16: =SUM(O4:O15) -> 38071525
A17: =MONTH(B17) -> 1 | B17: 45674.962 | C17: LLE150 | D17: LLE170 | E17: 0.050578704 | F17: =CONCATENATE(C17,">",D17) -> LLE150>LLE170 | G17: =VLOOKUP(F17,De_Para!$B$2:$C$1500,2,0) -> 60
A18: =MONTH(B18) -> 1 | B18: 45675.784 | C18: LLE170 | D18: CKQ276 | E18: 0.31649306 | F18: =CONCATENATE(C18,">",D18) -> LLE170>CKQ276 | G18: =VLOOKUP(F18,De_Para!$B$2:$C$1500,2,0) -> 100
A19: =MONTH(B19) -> 1 | B19: 45677.316 | C19: CKQ276 | D19: CKQ300 | E19: 0.039421296 | F19: =CONCATENATE(C19,">",D19) -> CKQ276>CKQ300 | G19: =VLOOKUP(F19,De_Para!$B$2:$C$1500,2,0) -> 15
A20: =MONTH(B20) -> 1 | B20: 45678.291 | C20: CKQ300 | D20: CHD318 | E20: 0.025462963 | F20: =CONCATENATE(C20,">",D20) -> CKQ300>CHD318 | G20: =VLOOKUP(F20,De_Para!$B$2:$C$1500,2,0) -> 15
A21: =MONTH(B21) -> 1 | B21: 45681.654 | C21: CHD318 | D21: CKF250 | E21: 0.034016204 | F21: =CONCATENATE(C21,">",D21) -> CHD318>CKF250 | G21: =VLOOKUP(F21,De_Para!$B$2:$C$1500,2,0) -> 60
A22: =MONTH(B22) -> 1 | B22: 45682.688 | C22: CKF250 | D22: CKF312 | E22: 0.03275463 | F22: =CONCATENATE(C22,">",D22) -> CKF250>CKF312 | G22: =VLOOKUP(F22,De_Para!$B$2:$C$1500,2,0) -> 20 | L22: OEE | M22: =M23*M24*M25 -> 0.64313771 | N22: =N23*N24*N25 -> 0.61795379
A23: =MONTH(B23) -> 1 | B23: 45683.729 | C23: CKF312 | D23: CKF285 | E23: 0.03275463 | F23: =CONCATENATE(C23,">",D23) -> CKF312>CKF285 | G23: =VLOOKUP(F23,De_Para!$B$2:$C$1500,2,0) -> 15 | L23: Disponibilidade | M23: 0.8326 | N23: 0.8326
A24: =MONTH(B24) -> 1 | B24: 45684.007 | C24: CKF285 | D24: CKF233 | E24: 0.038020833 | F24: =CONCATENATE(C24,">",D24) -> CKF285>CKF233 | G24: =VLOOKUP(F24,De_Para!$B$2:$C$1500,2,0) -> 30 | L24: Performance | M24: 0.8131 | N24: 0.8131
A25: =MONTH(B25) -> 1 | B25: 45685.53 | C25: CKF233 | D25: EWP190 | E25: 0.034363426 | F25: =CONCATENATE(C25,">",D25) -> CKF233>EWP190 | G25: =VLOOKUP(F25,De_Para!$B$2:$C$1500,2,0) -> 65 | L25: Rendimento | M25: 0.95 | N25: 0.9128
A26: =MONTH(B26) -> 1 | B26: 45686.539 | C26: EWP190 | D26: EWC190 | E26: 0.21457176 | F26: =CONCATENATE(C26,">",D26) -> EWP190>EWC190 | G26: =VLOOKUP(F26,De_Para!$B$2:$C$1500,2,0) -> 0
A27: =MONTH(B27) -> 1 | B27: 45686.746 | C27: EWC190 | D27: EKW175 | E27: 0.029456019 | F27: =CONCATENATE(C27,">",D27) -> EWC190>EKW175 | G27: =VLOOKUP(F27,De_Para!$B$2:$C$1500,2,0) -> 10
A28: =MONTH(B28) -> 1 | B28: 45688.205 | C28: EKW175 | D28: LLE170 | E28: 0.054224537 | F28: =CONCATENATE(C28,">",D28) -> EKW175>LLE170 | G28: =VLOOKUP(F28,De_Para!$B$2:$C$1500,2,0) -> 120 | M28: 2165 | AB28: WTP265 | AC28: WTP220
A29: =MONTH(B29) -> 1 | B29: 45688.87 | C29: LLE170 | D29: K28170 | E29: 0.047569444 | F29: =CONCATENATE(C29,">",D29) -> LLE170>K28170 | G29: =VLOOKUP(F29,De_Para!$B$2:$C$1500,2,0) -> 0 | AB29: WTP220 | AC29: WTP205
A30: =MONTH(B30) -> 2 | B30: 45689.733 | C30: K28170 | D30: LLE170 | E30: 0.046944444 | F30: =CONCATENATE(C30,">",D30) -> K28170>LLE170 | G30: =VLOOKUP(F30,De_Para!$B$2:$C$1500,2,0) -> 0 | AB30: WTP205 | AC30: EKW200
A31: =MONTH(B31) -> 2 | B31: 45690.444 | C31: LLE170 | D31: K28150 | E31: 0.050115741 | F31: =CONCATENATE(C31,">",D31) -> LLE170>K28150 | G31: =VLOOKUP(F31,De_Para!$B$2:$C$1500,2,0) -> 60 | AB31: EKW200 | AC31: K28150
A32: =MONTH(B32) -> 2 | B32: 45691.7 | C32: K28150 | D32: LLE200 | E32: 0.040335648 | F32: =CONCATENATE(C32,">",D32) -> K28150>LLE200 | G32: =VLOOKUP(F32,De_Para!$B$2:$C$1500,2,0) -> 60 | AB32: K28150 | AC32: EKW200
A33: =MONTH(B33) -> 2 | B33: 45692.92 | C33: K28200 | D33: KKL195 | E33: 0.04537037 | F33: =CONCATENATE(C33,">",D33) -> K28200>KKL195 | G33: =VLOOKUP(F33,De_Para!$B$2:$C$1500,2,0) -> 90 | AB33: EKW200 | AC33: EKW175
A34: =MONTH(B34) -> 2 | B34: 45693.664 | C34: KKL195 | D34: WUP250 | E34: 0.042650463 | F34: =CONCATENATE(C34,">",D34) -> KKL195>WUP250 | G34: =VLOOKUP(F34,De_Para!$B$2:$C$1500,2,0) -> 260 | L34: Mês | M34: N° de setups | N34: Perda estimada (t) | O34: Custo Estimado | AB34: EKW175 | AC34: CHD318
A35: =MONTH(B35) -> 2 | B35: 45694.227 | C35: WUP250 | D35: WTP265 | E35: 0.038020833 | F35: =CONCATENATE(C35,">",D35) -> WUP250>WTP265 | G35: =VLOOKUP(F35,De_Para!$B$2:$C$1500,2,0) -> 30 | L35: Janeiro | M35: 28 | N35: 1460 | O35: 3160900 | AB35: CHD318 | AC35: CKQ300
A36: =MONTH(B36) -> 2 | B36: 45694.725 | C36: WTP265 | D36: WTP220 | E36: 0.038020833 | F36: =CONCATENATE(C36,">",D36) -> WTP265>WTP220 | G36: =VLOOKUP(F36,De_Para!$B$2:$C$1500,2,0) -> 30 | L36: Fevereiro | M36: 27 | N36: 1430 | O36: 3095950 | AB36: CKQ300 | AC36: K28150
A37: =MONTH(B37) -> 2 | B37: 45695.127 | C37: WTP220 | D37: WTP205 | E37: 0.037789352 | F37: =CONCATENATE(C37,">",D37) -> WTP220>WTP205 | G37: =VLOOKUP(F37,De_Para!$B$2:$C$1500,2,0) -> 30 | L37: Março | M37: 25 | N37: 1455 | O37: 3150075 | AB37: K28150 | AC37: CKF312
A38: =MONTH(B38) -> 2 | B38: 45695.465 | C38: WTP205 | D38: EKW200 | E38: 0.037835648 | F38: =CONCATENATE(C38,">",D38) -> WTP205>EKW200 | G38: =VLOOKUP(F38,De_Para!$B$2:$C$1500,2,0) -> 130 | L38: Abril | M38: 26 | N38: 1145 | O38: 2478925 | AB38: CKF312 | AC38: CKF285
A39: =MONTH(B39) -> 2 | B39: 45696.836 | C39: EKW200 | D39: K28150 | E39: 0.051516204 | F39: =CONCATENATE(C39,">",D39) -> EKW200>K28150 | G39: =VLOOKUP(F39,De_Para!$B$2:$C$1500,2,0) -> 65 | L39: Maio | M39: 35 | N39: 2175 | O39: 4708875 | AB39: CKF285 | AC39: CKF250
A40: =MONTH(B40) -> 2 | B40: 45697.635 | C40: K28150 | D40: EKW200 | E40: 0.14797454 | F40: =CONCATENATE(C40,">",D40) -> K28150>EKW200 | G40: =VLOOKUP(F40,De_Para!$B$2:$C$1500,2,0) -> 65 | L40: Junho | M40: 18 | N40: 795 | O40: 1721175 | AB40: CKF250 | AC40: CKF233
A41: =MONTH(B41) -> 2 | B41: 45701.258 | C41: EKW200 | D41: EKW175 | E41: 0.049178241 | F41: =CONCATENATE(C41,">",D41) -> EKW200>EKW175 | G41: =VLOOKUP(F41,De_Para!$B$2:$C$1500,2,0) -> 50 | L41: Julho | M41: 25 | N41: 1370 | O41: 2966050 | AB41: CKF233 | AC41: CKQ300
A42: =MONTH(B42) -> 2 | B42: 45703.292 | C42: EKW175 | D42: CHD318 | E42: 0.039340278 | F42: =CONCATENATE(C42,">",D42) -> EKW175>CHD318 | G42: =VLOOKUP(F42,De_Para!$B$2:$C$1500,2,0) -> 90 | L42: Agosto | M42: 21 | N42: 1255 | O42: 2717075 | AB42: CKQ300 | AC42: CKQ276
A43: =MONTH(B43) -> 2 | B43: 45706.344 | C43: CHD318 | D43: CKQ300 | E43: 0.033275463 | F43: =CONCATENATE(C43,">",D43) -> CHD318>CKQ300 | G43: =VLOOKUP(F43,De_Para!$B$2:$C$1500,2,0) -> 15 | L43: Setembro | M43: 30 | N43: 2175 | O43: 4708875 | AB43: CKQ276 | AC43: KKL195
A44: =MONTH(B44) -> 2 | B44: 45707.328 | C44: CKQ300 | D44: K28150 | E44: 0.12674769 | F44: =CONCATENATE(C44,">",D44) -> CKQ300>K28150 | G44: =VLOOKUP(F44,De_Para!$B$2:$C$1500,2,0) -> 50 | L44: Outubro | M44: 27 | N44: 1875 | O44: 4059375 | AB44: KKL195 | AC44: KKL205
A45: =MONTH(B45) -> 2 | B45: 45708.714 | C45: K28150 | D45: CKF312 | E45: 0.50491898 | F45: =CONCATENATE(C45,">",D45) -> K28150>CKF312 | G45: =VLOOKUP(F45,De_Para!$B$2:$C$1500,2,0) -> 120 | L45: Novembro | M45: 11 | N45: 475 | O45: 1028375 | AB45: KKL205 | AC45: CKF233
A46: =MONTH(B46) -> 2 | B46: 45709.421 | C46: CKF312 | D46: CKF285 | E46: 0.03494213 | F46: =CONCATENATE(C46,">",D46) -> CKF312>CKF285 | G46: =VLOOKUP(F46,De_Para!$B$2:$C$1500,2,0) -> 15 | L46: Dezembro | M46: 22 | N46: 1975 | O46: 4275875 | AB46: CKF233 | AC46: EWC190
A47: =MONTH(B47) -> 2 | B47: 45709.762 | C47: CKF285 | D47: CKF250 | E47: 0.034664352 | F47: =CONCATENATE(C47,">",D47) -> CKF285>CKF250 | G47: =VLOOKUP(F47,De_Para!$B$2:$C$1500,2,0) -> 15 | L47: Total Geral | M47: 295 | N47: 17585 | O47: 38071525 | AB47: EWC190 | AC47: EWC175
A48: =MONTH(B48) -> 2 | B48: 45711.397 | C48: CKF250 | D48: CKF233 | E48: 0.020428241 | F48: =CONCATENATE(C48,">",D48) -> CKF250>CKF233 | G48: =VLOOKUP(F48,De_Para!$B$2:$C$1500,2,0) -> 15 | AB48: EWC175 | AC48: K28150
A49: =MONTH(B49) -> 2 | B49: 45711.837 | C49: CKF233 | D49: CKQ300 | E49: 0.038657407 | F49: =CONCATENATE(C49,">",D49) -> CKF233>CKQ300 | G49: =VLOOKUP(F49,De_Para!$B$2:$C$1500,2,0) -> 35 | AB49: K28150 | AC49: K28200
A50: =MONTH(B50) -> 2 | B50: 45713.64 | C50: CKQ300 | D50: CKQ276 | E50: 0.033726852 | F50: =CONCATENATE(C50,">",D50) -> CKQ300>CKQ276 | G50: =VLOOKUP(F50,De_Para!$B$2:$C$1500,2,0) -> 15 | AB50: K28200 | AC50: K28170
A51: =MONTH(B51) -> 2 | B51: 45714.15 | C51: CKQ276 | D51: KKL195 | E51: 0.045601852 | F51: =CONCATENATE(C51,">",D51) -> CKQ276>KKL195 | G51: =VLOOKUP(F51,De_Para!$B$2:$C$1500,2,0) -> 25 | AB51: K28170 | AC51: EKW175
A52: =MONTH(B52) -> 2 | B52: 45714.802 | C52: KKL195 | D52: KKL205 | E52: 0.014652778 | F52: =CONCATENATE(C52,">",D52) -> KKL195>KKL205 | G52: =VLOOKUP(F52,De_Para!$B$2:$C$1500,2,0) -> 0 | AB52: EKW175 | AC52: EKW200
A53: =MONTH(B53) -> 2 | B53: 45715.199 | C53: KKL205 | D53: CKF233 | E53: 0.034085648 | F53: =CONCATENATE(C53,">",D53) -> KKL205>CKF233 | G53: =VLOOKUP(F53,De_Para!$B$2:$C$1500,2,0) -> 40 | AB53: EKW200 | AC53: K28200
A54: =MONTH(B54) -> 2 | B54: 45715.511 | C54: CKF233 | D54: EWC190 | E54: 0.042071759 | F54: =CONCATENATE(C54,">",D54) -> CKF233>EWC190 | G54: =VLOOKUP(F54,De_Para!$B$2:$C$1500,2,0) -> 65 | AB54: K28200 | AC54: WCP215
A55: =MONTH(B55) -> 2 | B55: 45716.14 | C55: EWC190 | D55: EWC175 | E55: 0.050694444 | F55: =CONCATENATE(C55,">",D55) -> EWC190>EWC175 | G55: =VLOOKUP(F55,De_Para!$B$2:$C$1500,2,0) -> 20 | AB55: WCP215 | AC55: WTP235
A56: =MONTH(B56) -> 2 | B56: 45716.695 | C56: EWC175 | D56: K28150 | E56: 0.053761574 | F56: =CONCATENATE(C56,">",D56) -> EWC175>K28150 | G56: =VLOOKUP(F56,De_Para!$B$2:$C$1500,2,0) -> 40 | AB56: WTP235 | AC56: WTP250
A57: =MONTH(B57) -> 3 | B57: 45719.275 | C57: K28150 | D57: K28200 | E57: 0.084375 | F57: =CONCATENATE(C57,">",D57) -> K28150>K28200 | G57: =VLOOKUP(F57,De_Para!$B$2:$C$1500,2,0) -> 30 | AB57: WTP250 | AC57: WTP280
A58: =MONTH(B58) -> 3 | B58: 45720.632 | C58: K28200 | D58: K28170 | E58: 0.019386574 | F58: =CONCATENATE(C58,">",D58) -> K28200>K28170 | G58: =VLOOKUP(F58,De_Para!$B$2:$C$1500,2,0) -> 15 | AB58: WTP280 | AC58: WTP300
A59: =MONTH(B59) -> 3 | B59: 45722.073 | C59: K28170 | D59: EKW175 | E59: 0.052893519 | F59: =CONCATENATE(C59,">",D59) -> K28170>EKW175 | G59: =VLOOKUP(F59,De_Para!$B$2:$C$1500,2,0) -> 40 | AB59: WTP300 | AC59: WSB320
... A210: =MONTH(B210) -> 9 | B210: 45904.506 | C210: EWP190 | D210: KKL195 | E210: 0.043229167 | F210: =CONCATENATE(C210,">",D210) -> EWP190>KKL195 | G210: =VLOOKUP(F210,De_Para!$B$2:$C$1500,2,0) -> 120 | AB210: EKW175 | AC210: K28150
A211: =MONTH(B211) -> 9 | B211: 45904.691 | C211: KKL195 | D211: KKS195 | E211: 0.048773148 | F211: =CONCATENATE(C211,">",D211) -> KKL195>KKS195 | G211: =VLOOKUP(F211,De_Para!$B$2:$C$1500,2,0) -> 0
A212: =MONTH(B212) -> 9 | B212: 45904.922 | C212: KKS195 | D212: EWP190 | E212: 0.03755787 | F212: =CONCATENATE(C212,">",D212) -> KKS195>EWP190 | G212: =VLOOKUP(F212,De_Para!$B$2:$C$1500,2,0) -> 50
A213: =MONTH(B213) -> 9 | B213: 45905.407 | C213: EWP190 | D213: KKS195 | E213: 0.046631944 | F213: =CONCATENATE(C213,">",D213) -> EWP190>KKS195 | G213: =VLOOKUP(F213,De_Para!$B$2:$C$1500,2,0) -> 120
A214: =MONTH(B214) -> 9 | B214: 45905.819 | C214: KKS195 | D214: KKL195 | E214: 0.043287037 | F214: =CONCATENATE(C214,">",D214) -> KKS195>KKL195 | G214: =VLOOKUP(F214,De_Para!$B$2:$C$1500,2,0) -> 50
A215: =MONTH(B215) -> 9 | B215: 45906.671 | C215: KKL195 | D215: EWC190 | E215: 0.047685185 | F215: =CONCATENATE(C215,">",D215) -> KKL195>EWC190 | G215: =VLOOKUP(F215,De_Para!$B$2:$C$1500,2,0) -> 30
A216: =MONTH(B216) -> 9 | B216: 45907.031 | C216: EWC190 | D216: EWC175 | E216: 0.049826389 | F216: =CONCATENATE(C216,">",D216) -> EWC190>EWC175 | G216: =VLOOKUP(F216,De_Para!$B$2:$C$1500,2,0) -> 20
A217: =MONTH(B217) -> 9 | B217: 45907.438 | C217: EWC175 | D217: EKW200 | E217: 0.046296296 | F217: =CONCATENATE(C217,">",D217) -> EWC175>EKW200 | G217: =VLOOKUP(F217,De_Para!$B$2:$C$1500,2,0) -> 80
A218: =MONTH(B218) -> 9 | B218: 45908.37 | C218: EKW200 | D218: EKW175 | E218: 0.44663194 | F218: =CONCATENATE(C218,">",D218) -> EKW200>EKW175 | G218: =VLOOKUP(F218,De_Para!$B$2:$C$1500,2,0) -> 50
A219: =MONTH(B219) -> 9 | B219: 45908.714 | C219: EKW175 | D219: K28150 | E219: 0.053402778 | F219: =CONCATENATE(C219,">",D219) -> EKW175>K28150 | G219: =VLOOKUP(F219,De_Para!$B$2:$C$1500,2,0) -> 80
A220: =MONTH(B220) -> 9 | B220: 45909.319 | C220: K28150 | D220: EKW175 | E220: 0.051458333 | F220: =CONCATENATE(C220,">",D220) -> K28150>EKW175 | G220: =VLOOKUP(F220,De_Para!$B$2:$C$1500,2,0) -> 120
A221: =MONTH(B221) -> 9 | B221: 45913.915 | C221: EKW175 | D221: K28150 | E221: 0.021296296 | F221: =CONCATENATE(C221,">",D221) -> EKW175>K28150 | G221: =VLOOKUP(F221,De_Para!$B$2:$C$1500,2,0) -> 80
A222: =MONTH(B222) -> 9 | B222: 45916.125 | C222: K28150 | D222: K28200 | E222: 0.016956019 | F222: =CONCATENATE(C222,">",D222) -> K28150>K28200 | G222: =VLOOKUP(F222,De_Para!$B$2:$C$1500,2,0) -> 30
... A296: =MONTH(B296) -> 12 | B296: 46015.401 | C296: EWC175 | D296: CKF312 | E296: 0.031666667 | F296: =CONCATENATE(C296,">",D296) -> EWC175>CKF312 | G296: =VLOOKUP(F296,De_Para!$B$2:$C$1500,2,0) -> 70
A297: =MONTH(B297) -> 12 | B297: 46018.53 | C297: CKF312 | D297: CKF285 | E297: 0.034479167 | F297: =CONCATENATE(C297,">",D297) -> CKF312>CKF285
A298: =MONTH(B298) -> 12 | B298: 46019.453 | C298: CKF285 | D298: K28150 | E298: 0.046585648 | F298: =CONCATENATE(C298,">",D298) -> CKF285>K28150
A299: =MONTH(B299) -> 12 | B299: 46019.784 | C299: K28150 | D299: K28170 | E299: 0.16353009 | F299: =CONCATENATE(C299,">",D299) -> K28150>K28170
A300: =MONTH(B300) -> 12 | B300: 46020.444 | C300: K28170 | D300: K28150 | E300: 0.052256944 | F300: =CONCATENATE(C300,">",D300) -> K28170>K28150
A301: =MONTH(B301) -> 12 | B301: 46022.482 | C301: K28150 | D301: LBS170 | E301: 0.045949074 | F301: =CONCATENATE(C301,">",D301) -> K28150>LBS170

Sheet Orçamento
G33: Janeiro | H33: Fevereiro | I33: Março | J33: Abril | K33: Maio | L33: Junho | M33: Julho | N33: Agosto | O33: Setembro | P33: Outubro | Q33: Novembro | R33: Dezembro | S33: Total
F34: Orçamento | G34: 32879 | H34: 30334 | I34: 33923 | J34: 34962 | K34: 35040 | L34: 36116 | M34: 37950 | N34: 38239 | O34: 37423 | P34: 39381 | Q34: 20171 | R34: 39332 | S34: =SUM(G34:R34) -> 415750
F36: Produção Bruta
